Date,Title,Artist,Weeks_On_Chart,Last_Week_Rank
2018-11-10,Girls Like You,Maroon 5 Featuring Cardi B,23,
2018-11-03,Girls Like You,Maroon 5 Featuring Cardi B,22,
2018-10-27,Girls Like You,Maroon 5 Featuring Cardi B,21,
2018-10-20,Girls Like You,Maroon 5 Featuring Cardi B,20,
2018-10-13,Girls Like You,Maroon 5 Featuring Cardi B,19,
2018-10-06,Girls Like You,Maroon 5 Featuring Cardi B,18,
2018-09-29,Girls Like You,Maroon 5 Featuring Cardi B,17,2
2018-09-22,In My Feelings,Drake,11,
2018-09-15,In My Feelings,Drake,10,
2018-09-08,In My Feelings,Drake,9,
2018-09-01,In My Feelings,Drake,8,
2018-08-25,In My Feelings,Drake,7,
2018-08-18,In My Feelings,Drake,6,
2018-08-11,In My Feelings,Drake,5,
2018-08-04,In My Feelings,Drake,4,
2018-07-28,In My Feelings,Drake,3,
2018-07-21,In My Feelings,Drake,2,6
2018-07-14,Nice For What,Drake,13,6
2018-07-07,I Like It,"Cardi B, Bad Bunny & J Balvin",12,2
2018-06-30,Sad!,XXXTENTACION,16,52
2018-06-23,Nice For What,Drake,10,2
2018-06-16,Psycho,Post Malone Featuring Ty Dolla $ign,15,2
2018-06-09,Nice For What,Drake,8,
2018-06-02,Nice For What,Drake,7,2
2018-05-26,This Is America,Childish Gambino,2,
2018-05-19,This Is America,Childish Gambino,1,
2018-05-12,Nice For What,Drake,4,
2018-05-05,Nice For What,Drake,3,
2018-04-28,Nice For What,Drake,2,
2018-04-21,Nice For What,Drake,1,
2018-04-14,God's Plan,Drake,11,
2018-04-07,God's Plan,Drake,10,
2018-03-31,God's Plan,Drake,9,
2018-03-24,God's Plan,Drake,8,
2018-03-17,God's Plan,Drake,7,
2018-03-10,God's Plan,Drake,6,
2018-03-03,God's Plan,Drake,5,
2018-02-24,God's Plan,Drake,4,
2018-02-17,God's Plan,Drake,3,
2018-02-10,God's Plan,Drake,2,
2018-02-03,God's Plan,Drake,1,
2018-01-27,Havana,Camila Cabello Featuring Young Thug,23,2
2018-01-20,Perfect,Ed Sheeran,20,
2018-01-13,Perfect,Ed Sheeran,19,
2018-01-06,Perfect,Ed Sheeran,18,
2017-12-30,Perfect,Ed Sheeran,16,
2017-12-23,Perfect,Ed Sheeran,15,3
2017-12-16,Rockstar,Post Malone Featuring 21 Savage,11,
2017-12-09,Rockstar,Post Malone Featuring 21 Savage,10,
2017-12-02,Rockstar,Post Malone Featuring 21 Savage,9,
2017-11-25,Rockstar,Post Malone Featuring 21 Savage,8,
2017-11-18,Rockstar,Post Malone Featuring 21 Savage,7,
2017-11-11,Rockstar,Post Malone Featuring 21 Savage,6,
2017-11-04,Rockstar,Post Malone Featuring 21 Savage,5,
2017-10-28,Rockstar,Post Malone Featuring 21 Savage,4,2
2017-10-21,Bodak Yellow (Money Moves),Cardi B,14,
2017-10-14,Bodak Yellow (Money Moves),Cardi B,13,
2017-10-07,Bodak Yellow (Money Moves),Cardi B,12,2
2017-09-30,Look What You Made Me Do,Taylor Swift,4,
2017-09-23,Look What You Made Me Do,Taylor Swift,3,
2017-09-16,Look What You Made Me Do,Taylor Swift,2,77
2017-09-09,Despacito,Luis Fonsi & Daddy Yankee Featuring Justin Bieber,32,
2017-09-02,Despacito,Luis Fonsi & Daddy Yankee Featuring Justin Bieber,31,
2017-08-26,Despacito,Luis Fonsi & Daddy Yankee Featuring Justin Bieber,30,
2017-08-19,Despacito,Luis Fonsi & Daddy Yankee Featuring Justin Bieber,29,
2017-08-12,Despacito,Luis Fonsi & Daddy Yankee Featuring Justin Bieber,28,
2017-08-05,Despacito,Luis Fonsi & Daddy Yankee Featuring Justin Bieber,27,
2017-07-29,Despacito,Luis Fonsi & Daddy Yankee Featuring Justin Bieber,26,
2017-07-22,Despacito,Luis Fonsi & Daddy Yankee Featuring Justin Bieber,25,
2017-07-15,Despacito,Luis Fonsi & Daddy Yankee Featuring Justin Bieber,24,
2017-07-08,Despacito,Luis Fonsi & Daddy Yankee Featuring Justin Bieber,23,
2017-07-01,Despacito,Luis Fonsi & Daddy Yankee Featuring Justin Bieber,22,
2017-06-24,Despacito,Luis Fonsi & Daddy Yankee Featuring Justin Bieber,21,
2017-06-17,Despacito,Luis Fonsi & Daddy Yankee Featuring Justin Bieber,20,
2017-06-10,Despacito,Luis Fonsi & Daddy Yankee Featuring Justin Bieber,19,
2017-06-03,Despacito,Luis Fonsi & Daddy Yankee Featuring Justin Bieber,18,
2017-05-27,Despacito,Luis Fonsi & Daddy Yankee Featuring Justin Bieber,17,3
2017-05-20,I'm The One,"DJ Khaled Featuring Justin Bieber, Quavo, Chance The Rapper & Lil Wayne",1,
2017-05-13,That's What I Like,Bruno Mars,15,3
2017-05-06,Humble.,Kendrick Lamar,3,3
2017-04-29,Shape Of You,Ed Sheeran,14,
2017-04-22,Shape Of You,Ed Sheeran,13,
2017-04-15,Shape Of You,Ed Sheeran,12,
2017-04-08,Shape Of You,Ed Sheeran,11,
2017-04-01,Shape Of You,Ed Sheeran,10,
2017-03-25,Shape Of You,Ed Sheeran,9,
2017-03-18,Shape Of You,Ed Sheeran,8,
2017-03-11,Shape Of You,Ed Sheeran,7,
2017-03-04,Shape Of You,Ed Sheeran,6,
2017-02-25,Shape Of You,Ed Sheeran,5,
2017-02-18,Shape Of You,Ed Sheeran,4,2
2017-02-11,Bad And Boujee,Migos Featuring Lil Uzi Vert,11,
2017-02-04,Bad And Boujee,Migos Featuring Lil Uzi Vert,10,2
2017-01-28,Shape Of You,Ed Sheeran,1,
2017-01-21,Bad And Boujee,Migos Featuring Lil Uzi Vert,8,2
2017-01-14,Black Beatles,Rae Sremmurd Featuring Gucci Mane,16,2
2017-01-07,Starboy,The Weeknd Featuring Daft Punk,14,2
2016-12-31,Black Beatles,Rae Sremmurd Featuring Gucci Mane,14,
2016-12-24,Black Beatles,Rae Sremmurd Featuring Gucci Mane,13,
2016-12-17,Black Beatles,Rae Sremmurd Featuring Gucci Mane,12,
2016-12-10,Black Beatles,Rae Sremmurd Featuring Gucci Mane,11,
2016-12-03,Black Beatles,Rae Sremmurd Featuring Gucci Mane,10,
2016-11-26,Black Beatles,Rae Sremmurd Featuring Gucci Mane,9,9
2016-11-19,Closer,The Chainsmokers Featuring Halsey,14,
2016-11-12,Closer,The Chainsmokers Featuring Halsey,13,
2016-11-05,Closer,The Chainsmokers Featuring Halsey,12,
2016-10-29,Closer,The Chainsmokers Featuring Halsey,11,
2016-10-22,Closer,The Chainsmokers Featuring Halsey,10,
2016-10-15,Closer,The Chainsmokers Featuring Halsey,9,
2016-10-08,Closer,The Chainsmokers Featuring Halsey,8,
2016-10-01,Closer,The Chainsmokers Featuring Halsey,7,
2016-09-24,Closer,The Chainsmokers Featuring Halsey,6,
2016-09-17,Closer,The Chainsmokers Featuring Halsey,5,
2016-09-10,Closer,The Chainsmokers Featuring Halsey,4,
2016-09-03,Closer,The Chainsmokers Featuring Halsey,3,6
2016-08-27,Cheap Thrills,Sia Featuring Sean Paul,26,
2016-08-20,Cheap Thrills,Sia Featuring Sean Paul,25,
2016-08-13,Cheap Thrills,Sia Featuring Sean Paul,24,
2016-08-06,Cheap Thrills,Sia Featuring Sean Paul,23,3
2016-07-30,One Dance,Drake Featuring WizKid & Kyla,15,
2016-07-23,One Dance,Drake Featuring WizKid & Kyla,14,
2016-07-16,One Dance,Drake Featuring WizKid & Kyla,13,
2016-07-09,One Dance,Drake Featuring WizKid & Kyla,12,
2016-07-02,One Dance,Drake Featuring WizKid & Kyla,11,
2016-06-25,One Dance,Drake Featuring WizKid & Kyla,10,
2016-06-18,One Dance,Drake Featuring WizKid & Kyla,9,
2016-06-11,One Dance,Drake Featuring WizKid & Kyla,8,
2016-06-04,One Dance,Drake Featuring WizKid & Kyla,7,2
2016-05-28,Can't Stop The Feeling!,Justin Timberlake,1,
2016-05-21,One Dance,Drake Featuring WizKid & Kyla,5,2
2016-05-14,Panda,Desiigner,10,
2016-05-07,Panda,Desiigner,9,2
2016-04-30,Work,Rihanna Featuring Drake,12,
2016-04-23,Work,Rihanna Featuring Drake,11,
2016-04-16,Work,Rihanna Featuring Drake,10,
2016-04-09,Work,Rihanna Featuring Drake,9,
2016-04-02,Work,Rihanna Featuring Drake,8,
2016-03-26,Work,Rihanna Featuring Drake,7,
2016-03-19,Work,Rihanna Featuring Drake,6,
2016-03-12,Work,Rihanna Featuring Drake,5,
2016-03-05,Work,Rihanna Featuring Drake,4,4
2016-02-27,Love Yourself,Justin Bieber,13,2
2016-02-20,Pillowtalk,Zayn,1,
2016-02-13,Love Yourself,Justin Bieber,11,2
2016-02-06,Sorry,Justin Bieber,13,
2016-01-30,Sorry,Justin Bieber,12,
2016-01-23,Sorry,Justin Bieber,11,2
2016-01-16,Hello,Adele,10,
2016-01-09,Hello,Adele,9,
2016-01-02,Hello,Adele,8,
2015-12-26,Hello,Adele,7,
2015-12-19,Hello,Adele,6,
2015-12-12,Hello,Adele,5,
2015-12-05,Hello,Adele,4,
2015-11-28,Hello,Adele,3,
2015-11-21,Hello,Adele,2,
2015-11-14,Hello,Adele,1,
2015-11-07,The Hills,The Weeknd,22,
2015-10-31,The Hills,The Weeknd,21,
2015-10-24,The Hills,The Weeknd,20,
2015-10-17,The Hills,The Weeknd,19,
2015-10-10,The Hills,The Weeknd,18,
2015-10-03,The Hills,The Weeknd,17,2
2015-09-26,Can't Feel My Face,The Weeknd,14,2
2015-09-19,What Do You Mean?,Justin Bieber,1,
2015-09-12,Can't Feel My Face,The Weeknd,12,2
2015-09-05,Cheerleader,OMI,18,
2015-08-29,Cheerleader,OMI,17,2
2015-08-22,Can't Feel My Face,The Weeknd,9,2
2015-08-15,Cheerleader,OMI,15,
2015-08-08,Cheerleader,OMI,14,
2015-08-01,Cheerleader,OMI,13,
2015-07-25,Cheerleader,OMI,12,2
2015-07-18,See You Again,Wiz Khalifa Featuring Charlie Puth,17,
2015-07-11,See You Again,Wiz Khalifa Featuring Charlie Puth,16,
2015-07-04,See You Again,Wiz Khalifa Featuring Charlie Puth,15,
2015-06-27,See You Again,Wiz Khalifa Featuring Charlie Puth,14,
2015-06-20,See You Again,Wiz Khalifa Featuring Charlie Puth,13,
2015-06-13,See You Again,Wiz Khalifa Featuring Charlie Puth,12,2
2015-06-06,Bad Blood,Taylor Swift Featuring Kendrick Lamar,4,53
2015-05-30,See You Again,Wiz Khalifa Featuring Charlie Puth,10,
2015-05-23,See You Again,Wiz Khalifa Featuring Charlie Puth,9,
2015-05-16,See You Again,Wiz Khalifa Featuring Charlie Puth,8,
2015-05-09,See You Again,Wiz Khalifa Featuring Charlie Puth,7,
2015-05-02,See You Again,Wiz Khalifa Featuring Charlie Puth,6,
2015-04-25,See You Again,Wiz Khalifa Featuring Charlie Puth,5,10
2015-04-18,Uptown Funk!,Mark Ronson Featuring Bruno Mars,21,
2015-04-11,Uptown Funk!,Mark Ronson Featuring Bruno Mars,20,
2015-04-04,Uptown Funk!,Mark Ronson Featuring Bruno Mars,19,
2015-03-28,Uptown Funk!,Mark Ronson Featuring Bruno Mars,18,
2015-03-21,Uptown Funk!,Mark Ronson Featuring Bruno Mars,17,
2015-03-14,Uptown Funk!,Mark Ronson Featuring Bruno Mars,16,
2015-03-07,Uptown Funk!,Mark Ronson Featuring Bruno Mars,15,
2015-02-28,Uptown Funk!,Mark Ronson Featuring Bruno Mars,14,
2015-02-21,Uptown Funk!,Mark Ronson Featuring Bruno Mars,13,
2015-02-14,Uptown Funk!,Mark Ronson Featuring Bruno Mars,12,
2015-02-07,Uptown Funk!,Mark Ronson Featuring Bruno Mars,11,
2015-01-31,Uptown Funk!,Mark Ronson Featuring Bruno Mars,10,
2015-01-24,Uptown Funk!,Mark Ronson Featuring Bruno Mars,9,
2015-01-17,Uptown Funk!,Mark Ronson Featuring Bruno Mars,8,2
2015-01-10,Blank Space,Taylor Swift,9,
2015-01-03,Blank Space,Taylor Swift,8,
2014-12-27,Blank Space,Taylor Swift,7,
2014-12-20,Blank Space,Taylor Swift,6,
2014-12-13,Blank Space,Taylor Swift,5,
2014-12-06,Blank Space,Taylor Swift,4,
2014-11-29,Blank Space,Taylor Swift,3,13
2014-11-22,Shake It Off,Taylor Swift,12,
2014-11-15,Shake It Off,Taylor Swift,11,2
2014-11-08,All About That Bass,Meghan Trainor,16,
2014-11-01,All About That Bass,Meghan Trainor,15,
2014-10-25,All About That Bass,Meghan Trainor,14,
2014-10-18,All About That Bass,Meghan Trainor,13,
2014-10-11,All About That Bass,Meghan Trainor,12,
2014-10-04,All About That Bass,Meghan Trainor,11,
2014-09-27,All About That Bass,Meghan Trainor,10,
2014-09-20,All About That Bass,Meghan Trainor,9,2
2014-09-13,Shake It Off,Taylor Swift,2,
2014-09-06,Shake It Off,Taylor Swift,1,
2014-08-30,Rude,MAGIC!,17,
2014-08-23,Rude,MAGIC!,16,
2014-08-16,Rude,MAGIC!,15,
2014-08-09,Rude,MAGIC!,14,
2014-08-02,Rude,MAGIC!,13,
2014-07-26,Rude,MAGIC!,12,2
2014-07-19,Fancy,Iggy Azalea Featuring Charli XCX,18,
2014-07-12,Fancy,Iggy Azalea Featuring Charli XCX,17,
2014-07-05,Fancy,Iggy Azalea Featuring Charli XCX,16,
2014-06-28,Fancy,Iggy Azalea Featuring Charli XCX,15,
2014-06-21,Fancy,Iggy Azalea Featuring Charli XCX,14,
2014-06-14,Fancy,Iggy Azalea Featuring Charli XCX,13,
2014-06-07,Fancy,Iggy Azalea Featuring Charli XCX,12,2
2014-05-31,All Of Me,John Legend,32,
2014-05-24,All Of Me,John Legend,31,
2014-05-17,All Of Me,John Legend,30,2
2014-05-10,Happy,Pharrell Williams,17,
2014-05-03,Happy,Pharrell Williams,16,
2014-04-26,Happy,Pharrell Williams,15,
2014-04-19,Happy,Pharrell Williams,14,
2014-04-12,Happy,Pharrell Williams,13,
2014-04-05,Happy,Pharrell Williams,12,
2014-03-29,Happy,Pharrell Williams,11,
2014-03-22,Happy,Pharrell Williams,10,
2014-03-15,Happy,Pharrell Williams,9,
2014-03-08,Happy,Pharrell Williams,8,2
2014-03-01,Dark Horse,Katy Perry Featuring Juicy J,22,
2014-02-22,Dark Horse,Katy Perry Featuring Juicy J,21,
2014-02-15,Dark Horse,Katy Perry Featuring Juicy J,20,
2014-02-08,Dark Horse,Katy Perry Featuring Juicy J,19,2
2014-02-01,Timber,Pitbull Featuring Ke$ha,15,
2014-01-25,Timber,Pitbull Featuring Ke$ha,14,
2014-01-18,Timber,Pitbull Featuring Ke$ha,13,2
2014-01-11,The Monster,Eminem Featuring Rihanna,9,
2014-01-04,The Monster,Eminem Featuring Rihanna,8,
2013-12-28,The Monster,Eminem Featuring Rihanna,7,
2013-12-21,The Monster,Eminem Featuring Rihanna,6,2
2013-12-14,Wrecking Ball,Miley Cyrus,15,3
2013-12-07,Royals,Lorde,21,
2013-11-30,Royals,Lorde,20,
2013-11-23,Royals,Lorde,19,
2013-11-16,Royals,Lorde,18,
2013-11-09,Royals,Lorde,17,
2013-11-02,Royals,Lorde,16,
2013-10-26,Royals,Lorde,15,
2013-10-19,Royals,Lorde,14,
2013-10-12,Royals,Lorde,13,3
2013-10-05,Wrecking Ball,Miley Cyrus,5,
2013-09-28,Wrecking Ball,Miley Cyrus,4,22
2013-09-21,Roar,Katy Perry,5,
2013-09-14,Roar,Katy Perry,4,2
2013-09-07,Blurred Lines,Robin Thicke Featuring T.I. + Pharrell,19,
2013-08-31,Blurred Lines,Robin Thicke Featuring T.I. + Pharrell,18,
2013-08-24,Blurred Lines,Robin Thicke Featuring T.I. + Pharrell,17,
2013-08-17,Blurred Lines,Robin Thicke Featuring T.I. + Pharrell,16,
2013-08-10,Blurred Lines,Robin Thicke Featuring T.I. + Pharrell,15,
2013-08-03,Blurred Lines,Robin Thicke Featuring T.I. + Pharrell,14,
2013-07-27,Blurred Lines,Robin Thicke Featuring T.I. + Pharrell,13,
2013-07-20,Blurred Lines,Robin Thicke Featuring T.I. + Pharrell,12,
2013-07-13,Blurred Lines,Robin Thicke Featuring T.I. + Pharrell,11,
2013-07-06,Blurred Lines,Robin Thicke Featuring T.I. + Pharrell,10,
2013-06-29,Blurred Lines,Robin Thicke Featuring T.I. + Pharrell,9,
2013-06-22,Blurred Lines,Robin Thicke Featuring T.I. + Pharrell,8,6
2013-06-15,Can't Hold Us,Macklemore & Ryan Lewis Featuring Ray Dalton,17,
2013-06-08,Can't Hold Us,Macklemore & Ryan Lewis Featuring Ray Dalton,16,
2013-06-01,Can't Hold Us,Macklemore & Ryan Lewis Featuring Ray Dalton,15,
2013-05-25,Can't Hold Us,Macklemore & Ryan Lewis Featuring Ray Dalton,14,
2013-05-18,Can't Hold Us,Macklemore & Ryan Lewis Featuring Ray Dalton,13,2
2013-05-11,Just Give Me A Reason,P!nk Featuring Nate Ruess,11,
2013-05-04,Just Give Me A Reason,P!nk Featuring Nate Ruess,10,
2013-04-27,Just Give Me A Reason,P!nk Featuring Nate Ruess,9,3
2013-04-20,When I Was Your Man,Bruno Mars,16,2
2013-04-13,Thrift Shop,Macklemore & Ryan Lewis Featuring Wanz,26,
2013-04-06,Thrift Shop,Macklemore & Ryan Lewis Featuring Wanz,25,2
2013-03-30,Harlem Shake,Baauer,5,
2013-03-23,Harlem Shake,Baauer,4,
2013-03-16,Harlem Shake,Baauer,3,
2013-03-09,Harlem Shake,Baauer,2,
2013-03-02,Harlem Shake,Baauer,1,
2013-02-23,Thrift Shop,Macklemore & Ryan Lewis Featuring Wanz,19,
2013-02-16,Thrift Shop,Macklemore & Ryan Lewis Featuring Wanz,18,
2013-02-09,Thrift Shop,Macklemore & Ryan Lewis Featuring Wanz,17,
2013-02-02,Thrift Shop,Macklemore & Ryan Lewis Featuring Wanz,16,2
2013-01-26,Locked Out Of Heaven,Bruno Mars,15,
2013-01-19,Locked Out Of Heaven,Bruno Mars,14,
2013-01-12,Locked Out Of Heaven,Bruno Mars,13,
2013-01-05,Locked Out Of Heaven,Bruno Mars,12,
2012-12-29,Locked Out Of Heaven,Bruno Mars,11,
2012-12-22,Locked Out Of Heaven,Bruno Mars,10,2
2012-12-15,Diamonds,Rihanna,10,
2012-12-08,Diamonds,Rihanna,9,
2012-12-01,Diamonds,Rihanna,8,2
2012-11-24,One More Night,Maroon 5,21,
2012-11-17,One More Night,Maroon 5,20,
2012-11-10,One More Night,Maroon 5,19,
2012-11-03,One More Night,Maroon 5,18,
2012-10-27,One More Night,Maroon 5,17,
2012-10-20,One More Night,Maroon 5,16,
2012-10-13,One More Night,Maroon 5,15,
2012-10-06,One More Night,Maroon 5,14,
2012-09-29,One More Night,Maroon 5,13,2
2012-09-22,We Are Never Ever Getting Back Together,Taylor Swift,5,2
2012-09-15,Whistle,Flo Rida,16,2
2012-09-08,We Are Never Ever Getting Back Together,Taylor Swift,3,
2012-09-01,We Are Never Ever Getting Back Together,Taylor Swift,2,72
2012-08-25,Whistle,Flo Rida,13,3
2012-08-18,Call Me Maybe,Carly Rae Jepsen,24,
2012-08-11,Call Me Maybe,Carly Rae Jepsen,23,
2012-08-04,Call Me Maybe,Carly Rae Jepsen,22,
2012-07-28,Call Me Maybe,Carly Rae Jepsen,21,
2012-07-21,Call Me Maybe,Carly Rae Jepsen,20,
2012-07-14,Call Me Maybe,Carly Rae Jepsen,19,
2012-07-07,Call Me Maybe,Carly Rae Jepsen,18,
2012-06-30,Call Me Maybe,Carly Rae Jepsen,17,
2012-06-23,Call Me Maybe,Carly Rae Jepsen,16,2
2012-06-16,Somebody That I Used To Know,Gotye Featuring Kimbra,22,
2012-06-09,Somebody That I Used To Know,Gotye Featuring Kimbra,21,
2012-06-02,Somebody That I Used To Know,Gotye Featuring Kimbra,20,
2012-05-26,Somebody That I Used To Know,Gotye Featuring Kimbra,19,
2012-05-19,Somebody That I Used To Know,Gotye Featuring Kimbra,18,
2012-05-12,Somebody That I Used To Know,Gotye Featuring Kimbra,17,
2012-05-05,Somebody That I Used To Know,Gotye Featuring Kimbra,16,
2012-04-28,Somebody That I Used To Know,Gotye Featuring Kimbra,15,2
2012-04-21,We Are Young,fun. Featuring Janelle Monae,16,
2012-04-14,We Are Young,fun. Featuring Janelle Monae,15,
2012-04-07,We Are Young,fun. Featuring Janelle Monae,14,
2012-03-31,We Are Young,fun. Featuring Janelle Monae,13,
2012-03-24,We Are Young,fun. Featuring Janelle Monae,12,
2012-03-17,We Are Young,fun. Featuring Janelle Monae,11,3
2012-03-10,Stronger (What Doesn't Kill You),Kelly Clarkson,10,4
2012-03-03,Part Of Me,Katy Perry,1,
2012-02-25,Stronger (What Doesn't Kill You),Kelly Clarkson,8,
2012-02-18,Stronger (What Doesn't Kill You),Kelly Clarkson,7,2
2012-02-11,Set Fire To The Rain,Adele,22,
2012-02-04,Set Fire To The Rain,Adele,21,2
2012-01-28,We Found Love,Rihanna Featuring Calvin Harris,17,
2012-01-21,We Found Love,Rihanna Featuring Calvin Harris,16,2
2012-01-14,Sexy And I Know It,LMFAO,18,
2012-01-07,Sexy And I Know It,LMFAO,17,2
2011-12-31,We Found Love,Rihanna Featuring Calvin Harris,13,
2011-12-24,We Found Love,Rihanna Featuring Calvin Harris,12,
2011-12-17,We Found Love,Rihanna Featuring Calvin Harris,11,
2011-12-10,We Found Love,Rihanna Featuring Calvin Harris,10,
2011-12-03,We Found Love,Rihanna Featuring Calvin Harris,9,
2011-11-26,We Found Love,Rihanna Featuring Calvin Harris,8,
2011-11-19,We Found Love,Rihanna Featuring Calvin Harris,7,
2011-11-12,We Found Love,Rihanna Featuring Calvin Harris,6,2
2011-11-05,Someone Like You,Adele,16,
2011-10-29,Someone Like You,Adele,15,
2011-10-22,Someone Like You,Adele,14,
2011-10-15,Someone Like You,Adele,13,2
2011-10-08,Moves Like Jagger,Maroon 5 Featuring Christina Aguilera,14,
2011-10-01,Moves Like Jagger,Maroon 5 Featuring Christina Aguilera,13,
2011-09-24,Moves Like Jagger,Maroon 5 Featuring Christina Aguilera,12,2
2011-09-17,Someone Like You,Adele,9,19
2011-09-10,Moves Like Jagger,Maroon 5 Featuring Christina Aguilera,10,4
2011-09-03,Last Friday Night (T.G.I.F.),Katy Perry,13,
2011-08-27,Last Friday Night (T.G.I.F.),Katy Perry,12,2
2011-08-20,Party Rock Anthem,LMFAO Featuring Lauren Bennett & GoonRock,20,
2011-08-13,Party Rock Anthem,LMFAO Featuring Lauren Bennett & GoonRock,19,
2011-08-06,Party Rock Anthem,LMFAO Featuring Lauren Bennett & GoonRock,18,
2011-07-30,Party Rock Anthem,LMFAO Featuring Lauren Bennett & GoonRock,17,
2011-07-23,Party Rock Anthem,LMFAO Featuring Lauren Bennett & GoonRock,16,
2011-07-16,Party Rock Anthem,LMFAO Featuring Lauren Bennett & GoonRock,15,3
2011-07-09,Give Me Everything,"Pitbull Featuring Ne-Yo, Afrojack & Nayer",13,2
2011-07-02,Rolling In The Deep,Adele,24,
2011-06-25,Rolling In The Deep,Adele,23,
2011-06-18,Rolling In The Deep,Adele,22,
2011-06-11,Rolling In The Deep,Adele,21,
2011-06-04,Rolling In The Deep,Adele,20,
2011-05-28,Rolling In The Deep,Adele,19,
2011-05-21,Rolling In The Deep,Adele,18,2
2011-05-14,E.T.,Katy Perry Featuring Kanye West,12,
2011-05-07,E.T.,Katy Perry Featuring Kanye West,11,2
2011-04-30,S&M,Rihanna Featuring Britney Spears,14,2
2011-04-23,E.T.,Katy Perry Featuring Kanye West,9,
2011-04-16,E.T.,Katy Perry Featuring Kanye West,8,
2011-04-09,E.T.,Katy Perry Featuring Kanye West,7,2
2011-04-02,Born This Way,Lady Gaga,6,
2011-03-26,Born This Way,Lady Gaga,5,
2011-03-19,Born This Way,Lady Gaga,4,
2011-03-12,Born This Way,Lady Gaga,3,
2011-03-05,Born This Way,Lady Gaga,2,
2011-02-26,Born This Way,Lady Gaga,1,
2011-02-19,Black And Yellow,Wiz Khalifa,18,4
2011-02-12,Grenade,Bruno Mars,18,
2011-02-05,Grenade,Bruno Mars,17,2
2011-01-29,Hold It Against Me,Britney Spears,1,
2011-01-22,Grenade,Bruno Mars,15,2
2011-01-15,Firework,Katy Perry,11,2
2011-01-08,Grenade,Bruno Mars,13,2
2011-01-01,Firework,Katy Perry,9,
2010-12-25,Firework,Katy Perry,8,
2010-12-18,Firework,Katy Perry,7,2
2010-12-11,Raise Your Glass,P!nk,8,2
2010-12-04,Only Girl (In The World),Rihanna,11,2
2010-11-27,Like A G6,Far*East Movement Featuring Cataracs & Dev,14,2
2010-11-20,What's My Name?,Rihanna Featuring Drake,3,60
2010-11-13,We R Who We R,Ke$ha,1,
2010-11-06,Like A G6,Far*East Movement Featuring Cataracs & Dev,11,
2010-10-30,Like A G6,Far*East Movement Featuring Cataracs & Dev,10,2
2010-10-23,Just The Way You Are,Bruno Mars,12,
2010-10-16,Just The Way You Are,Bruno Mars,11,
2010-10-09,Just The Way You Are,Bruno Mars,10,
2010-10-02,Just The Way You Are,Bruno Mars,9,3
2010-09-25,Teenage Dream,Katy Perry,8,
2010-09-18,Teenage Dream,Katy Perry,7,2
2010-09-11,Love The Way You Lie,Eminem Featuring Rihanna,10,
2010-09-04,Love The Way You Lie,Eminem Featuring Rihanna,9,
2010-08-28,Love The Way You Lie,Eminem Featuring Rihanna,8,
2010-08-21,Love The Way You Lie,Eminem Featuring Rihanna,7,
2010-08-14,Love The Way You Lie,Eminem Featuring Rihanna,6,
2010-08-07,Love The Way You Lie,Eminem Featuring Rihanna,5,
2010-07-31,Love The Way You Lie,Eminem Featuring Rihanna,4,2
2010-07-24,California Gurls,Katy Perry Featuring Snoop Dogg,9,
2010-07-17,California Gurls,Katy Perry Featuring Snoop Dogg,8,
2010-07-10,California Gurls,Katy Perry Featuring Snoop Dogg,7,
2010-07-03,California Gurls,Katy Perry Featuring Snoop Dogg,6,
2010-06-26,California Gurls,Katy Perry Featuring Snoop Dogg,5,
2010-06-19,California Gurls,Katy Perry Featuring Snoop Dogg,4,2
2010-06-12,OMG,Usher Featuring will.i.am,9,
2010-06-05,OMG,Usher Featuring will.i.am,8,
2010-05-29,OMG,Usher Featuring will.i.am,7,2
2010-05-22,Not Afraid,Eminem,1,
2010-05-15,OMG,Usher Featuring will.i.am,5,6
2010-05-08,Nothin' On You,B.o.B Featuring Bruno Mars,13,
2010-05-01,Nothin' On You,B.o.B Featuring Bruno Mars,12,2
2010-04-24,Rude Boy,Rihanna,9,
2010-04-17,Rude Boy,Rihanna,8,
2010-04-10,Rude Boy,Rihanna,7,
2010-04-03,Rude Boy,Rihanna,6,
2010-03-27,Rude Boy,Rihanna,5,4
2010-03-20,Break Your Heart,Taio Cruz Featuring Ludacris,2,53
2010-03-13,Imma Be,The Black Eyed Peas,13,
2010-03-06,Imma Be,The Black Eyed Peas,12,3
2010-02-27,TiK ToK,Ke$ha,19,
2010-02-20,TiK ToK,Ke$ha,18,
2010-02-13,TiK ToK,Ke$ha,17,
2010-02-06,TiK ToK,Ke$ha,16,
2010-01-30,TiK ToK,Ke$ha,15,
2010-01-23,TiK ToK,Ke$ha,14,
2010-01-16,TiK ToK,Ke$ha,13,
2010-01-09,TiK ToK,Ke$ha,12,
2010-01-02,TiK ToK,Ke$ha,11,2
2009-12-26,Empire State Of Mind,Jay-Z + Alicia Keys,14,
2009-12-19,Empire State Of Mind,Jay-Z + Alicia Keys,13,
2009-12-12,Empire State Of Mind,Jay-Z + Alicia Keys,12,
2009-12-05,Empire State Of Mind,Jay-Z + Alicia Keys,11,
2009-11-28,Empire State Of Mind,Jay-Z + Alicia Keys,10,2
2009-11-21,Fireflies,Owl City,12,2
2009-11-14,Whatcha Say,Jason Derulo,12,2
2009-11-07,Fireflies,Owl City,10,7
2009-10-31,Down,Jay Sean Featuring Lil Wayne,16,2
2009-10-24,3,Britney Spears,1,
2009-10-17,Down,Jay Sean Featuring Lil Wayne,14,2
2009-10-10,I Gotta Feeling,The Black Eyed Peas,16,
2009-10-03,I Gotta Feeling,The Black Eyed Peas,15,
2009-09-26,I Gotta Feeling,The Black Eyed Peas,14,
2009-09-19,I Gotta Feeling,The Black Eyed Peas,13,
2009-09-12,I Gotta Feeling,The Black Eyed Peas,12,
2009-09-05,I Gotta Feeling,The Black Eyed Peas,11,
2009-08-29,I Gotta Feeling,The Black Eyed Peas,10,
2009-08-22,I Gotta Feeling,The Black Eyed Peas,9,
2009-08-15,I Gotta Feeling,The Black Eyed Peas,8,
2009-08-08,I Gotta Feeling,The Black Eyed Peas,7,
2009-08-01,I Gotta Feeling,The Black Eyed Peas,6,
2009-07-25,I Gotta Feeling,The Black Eyed Peas,5,
2009-07-18,I Gotta Feeling,The Black Eyed Peas,4,
2009-07-11,I Gotta Feeling,The Black Eyed Peas,3,2
2009-07-04,Boom Boom Pow,The Black Eyed Peas,15,
2009-06-27,Boom Boom Pow,The Black Eyed Peas,14,
2009-06-20,Boom Boom Pow,The Black Eyed Peas,13,
2009-06-13,Boom Boom Pow,The Black Eyed Peas,12,
2009-06-06,Boom Boom Pow,The Black Eyed Peas,11,
2009-05-30,Boom Boom Pow,The Black Eyed Peas,10,
2009-05-23,Boom Boom Pow,The Black Eyed Peas,9,
2009-05-16,Boom Boom Pow,The Black Eyed Peas,8,
2009-05-09,Boom Boom Pow,The Black Eyed Peas,7,
2009-05-02,Boom Boom Pow,The Black Eyed Peas,6,
2009-04-25,Boom Boom Pow,The Black Eyed Peas,5,
2009-04-18,Boom Boom Pow,The Black Eyed Peas,4,39
2009-04-11,Poker Face,Lady Gaga,15,2
2009-04-04,Right Round,Flo Rida,8,
2009-03-28,Right Round,Flo Rida,7,
2009-03-21,Right Round,Flo Rida,6,
2009-03-14,Right Round,Flo Rida,5,
2009-03-07,Right Round,Flo Rida,4,
2009-02-28,Right Round,Flo Rida,3,58
2009-02-21,Crack A Bottle,"Eminem, Dr. Dre & 50 Cent",4,78
2009-02-14,My Life Would Suck Without You,Kelly Clarkson,3,
2009-02-07,My Life Would Suck Without You,Kelly Clarkson,2,97
2009-01-31,Just Dance,Lady Gaga Featuring Colby O'Donis,24,
2009-01-24,Just Dance,Lady Gaga Featuring Colby O'Donis,23,
2009-01-17,Just Dance,Lady Gaga Featuring Colby O'Donis,22,2
2009-01-10,Single Ladies (Put A Ring On It),Beyonce,11,
2009-01-03,Single Ladies (Put A Ring On It),Beyonce,10,
2008-12-27,Single Ladies (Put A Ring On It),Beyonce,9,2
2008-12-20,Live Your Life,T.I. Featuring Rihanna,11,2
2008-12-13,Single Ladies (Put A Ring On It),Beyonce,7,2
2008-12-06,Live Your Life,T.I. Featuring Rihanna,9,
2008-11-29,Live Your Life,T.I. Featuring Rihanna,8,
2008-11-22,Live Your Life,T.I. Featuring Rihanna,7,
2008-11-15,Live Your Life,T.I. Featuring Rihanna,6,2
2008-11-08,Whatever You Like,T.I.,12,
2008-11-01,Whatever You Like,T.I.,11,2
2008-10-25,Womanizer,Britney Spears,2,96
2008-10-18,Live Your Life,T.I. Featuring Rihanna,2,80
2008-10-11,Whatever You Like,T.I.,8,
2008-10-04,Whatever You Like,T.I.,7,2
2008-09-27,So What,P!nk,4,2
2008-09-20,Whatever You Like,T.I.,5,
2008-09-13,Whatever You Like,T.I.,4,
2008-09-06,Whatever You Like,T.I.,3,71
2008-08-30,Disturbia,Rihanna,9,
2008-08-23,Disturbia,Rihanna,8,3
2008-08-16,I Kissed A Girl,Katy Perry,13,
2008-08-09,I Kissed A Girl,Katy Perry,12,
2008-08-02,I Kissed A Girl,Katy Perry,11,
2008-07-26,I Kissed A Girl,Katy Perry,10,
2008-07-19,I Kissed A Girl,Katy Perry,9,
2008-07-12,I Kissed A Girl,Katy Perry,8,
2008-07-05,I Kissed A Girl,Katy Perry,7,2
2008-06-28,Viva La Vida,Coldplay,6,2
2008-06-21,Lollipop,Lil Wayne Featuring Static Major,13,
2008-06-14,Lollipop,Lil Wayne Featuring Static Major,12,
2008-06-07,Lollipop,Lil Wayne Featuring Static Major,11,
2008-05-31,Lollipop,Lil Wayne Featuring Static Major,10,3
2008-05-24,Take A Bow,Rihanna,5,53
2008-05-17,Bleeding Love,Leona Lewis,12,
2008-05-10,Bleeding Love,Leona Lewis,11,2
2008-05-03,Lollipop,Lil Wayne Featuring Static Major,6,2
2008-04-26,Bleeding Love,Leona Lewis,9,2
2008-04-19,Touch My Body,Mariah Carey,8,
2008-04-12,Touch My Body,Mariah Carey,7,15
2008-04-05,Bleeding Love,Leona Lewis,6,8
2008-03-29,Love In This Club,Usher Featuring Young Jeezy,5,
2008-03-22,Love In This Club,Usher Featuring Young Jeezy,4,
2008-03-15,Love In This Club,Usher Featuring Young Jeezy,3,51
2008-03-08,Low,Flo Rida Featuring T-Pain,18,
2008-03-01,Low,Flo Rida Featuring T-Pain,17,
2008-02-23,Low,Flo Rida Featuring T-Pain,16,
2008-02-16,Low,Flo Rida Featuring T-Pain,15,
2008-02-09,Low,Flo Rida Featuring T-Pain,14,
2008-02-02,Low,Flo Rida Featuring T-Pain,13,
2008-01-26,Low,Flo Rida Featuring T-Pain,12,
2008-01-19,Low,Flo Rida Featuring T-Pain,11,
2008-01-12,Low,Flo Rida Featuring T-Pain,10,
2008-01-05,Low,Flo Rida Featuring T-Pain,9,2
2007-12-29,No One,Alicia Keys,15,
